name,batch,seqlen,head,bw
torch,1,1024,16,3
flash_mla,1,1024,16,84
flash_infer,1,1024,16,62
flash_mla_triton,1,1024,16,19
torch,1,1024,32,3
flash_mla,1,1024,32,82
flash_infer,1,1024,32,62
flash_mla_triton,1,1024,32,19
torch,1,1024,64,3
flash_mla,1,1024,64,80
flash_infer,1,1024,64,65
flash_mla_triton,1,1024,64,20
torch,1,1024,128,2
flash_mla,1,1024,128,83
flash_infer,1,1024,128,84
flash_mla_triton,1,1024,128,22
torch,1,2048,16,6
flash_mla,1,2048,16,147
flash_infer,1,2048,16,121
flash_mla_triton,1,2048,16,38
torch,1,2048,32,5
flash_mla,1,2048,32,139
flash_infer,1,2048,32,121
flash_mla_triton,1,2048,32,38
torch,1,2048,64,4
flash_mla,1,2048,64,134
flash_infer,1,2048,64,120
flash_mla_triton,1,2048,64,39
torch,1,2048,128,2
flash_mla,1,2048,128,136
flash_infer,1,2048,128,138
flash_mla_triton,1,2048,128,39
torch,1,4096,16,10
flash_mla,1,4096,16,247
flash_infer,1,4096,16,209
flash_mla_triton,1,4096,16,72
torch,1,4096,32,7
flash_mla,1,4096,32,233
flash_infer,1,4096,32,207
flash_mla_triton,1,4096,32,71
torch,1,4096,64,4
flash_mla,1,4096,64,221
flash_infer,1,4096,64,208
flash_mla_triton,1,4096,64,72
torch,1,4096,128,2
flash_mla,1,4096,128,235
flash_infer,1,4096,128,216
flash_mla_triton,1,4096,128,71
torch,1,8192,16,14
flash_mla,1,8192,16,436
flash_infer,1,8192,16,341
flash_mla_triton,1,8192,16,140
torch,1,8192,32,8
flash_mla,1,8192,32,414
flash_infer,1,8192,32,345
flash_mla_triton,1,8192,32,142
torch,1,8192,64,4
flash_mla,1,8192,64,394
flash_infer,1,8192,64,332
flash_mla_triton,1,8192,64,138
torch,1,8192,128,2
flash_mla,1,8192,128,390
flash_infer,1,8192,128,355
flash_mla_triton,1,8192,128,122
torch,1,16384,16,14
flash_mla,1,16384,16,660
flash_infer,1,16384,16,544
flash_mla_triton,1,16384,16,229
torch,1,16384,32,8
flash_mla,1,16384,32,634
flash_infer,1,16384,32,541
flash_mla_triton,1,16384,32,230
torch,1,16384,64,4
flash_mla,1,16384,64,603
flash_infer,1,16384,64,529
flash_mla_triton,1,16384,64,228
torch,1,16384,128,2
flash_mla,1,16384,128,647
flash_infer,1,16384,128,518
flash_mla_triton,1,16384,128,158
torch,1,32768,16,15
flash_mla,1,32768,16,1053
flash_infer,1,32768,16,690
flash_mla_triton,1,32768,16,264
torch,1,32768,32,8
flash_mla,1,32768,32,1027
flash_infer,1,32768,32,686
flash_mla_triton,1,32768,32,264
torch,1,32768,64,4
flash_mla,1,32768,64,986
flash_infer,1,32768,64,675
flash_mla_triton,1,32768,64,264
torch,1,32768,128,2
flash_mla,1,32768,128,984
flash_infer,1,32768,128,851
flash_mla_triton,1,32768,128,174
torch,32,1055,16,3
flash_mla,32,1055,16,1273
flash_infer,32,1055,16,1152
flash_mla_triton,32,1055,16,415
torch,32,1055,32,3
flash_mla,32,1055,32,1278
flash_infer,32,1055,32,1098
flash_mla_triton,32,1055,32,245
torch,32,1055,64,3
flash_mla,32,1055,64,1208
flash_infer,32,1055,64,976
flash_mla_triton,32,1055,64,140
torch,32,1055,128,2
flash_mla,32,1055,128,986
flash_infer,32,1055,128,912
flash_mla_triton,32,1055,128,80
torch,32,2079,16,6
flash_mla,32,2079,16,1718
flash_infer,32,2079,16,1565
flash_mla_triton,32,2079,16,522
torch,32,2079,32,6
flash_mla,32,2079,32,1685
flash_infer,32,2079,32,1540
flash_mla_triton,32,2079,32,301
torch,32,2079,64,4
flash_mla,32,2079,64,1596
flash_infer,32,2079,64,1400
flash_mla_triton,32,2079,64,165
torch,32,2079,128,2
flash_mla,32,2079,128,1349
flash_infer,32,2079,128,1234
flash_mla_triton,32,2079,128,89
torch,32,4127,16,11
flash_mla,32,4127,16,2295
flash_infer,32,4127,16,2169
flash_mla_triton,32,4127,16,763
torch,32,4127,32,7
flash_mla,32,4127,32,2271
flash_infer,32,4127,32,2105
flash_mla_triton,32,4127,32,428
torch,32,4127,64,4
flash_mla,32,4127,64,2190
flash_infer,32,4127,64,1930
flash_mla_triton,32,4127,64,230
torch,32,4127,128,2
flash_mla,32,4127,128,1825
flash_infer,32,4127,128,1664
flash_mla_triton,32,4127,128,120
torch,32,8223,16,14
flash_mla,32,8223,16,2863
flash_infer,32,8223,16,2737
flash_mla_triton,32,8223,16,1006
torch,32,8223,32,8
flash_mla,32,8223,32,2843
flash_infer,32,8223,32,2722
flash_mla_triton,32,8223,32,552
torch,32,8223,64,4
flash_mla,32,8223,64,2769
flash_infer,32,8223,64,2551
flash_mla_triton,32,8223,64,290
torch,32,8223,128,2
flash_mla,32,8223,128,2127
flash_infer,32,8223,128,2034
flash_mla_triton,32,8223,128,149
torch,32,16415,16,14
flash_mla,32,16415,16,3232
flash_infer,32,16415,16,3199
flash_mla_triton,32,16415,16,1222
torch,32,16415,32,8
flash_mla,32,16415,32,3192
flash_infer,32,16415,32,3142
flash_mla_triton,32,16415,32,647
torch,32,16415,64,4
flash_mla,32,16415,64,3099
flash_infer,32,16415,64,3061
flash_mla_triton,32,16415,64,335
torch,32,16415,128,2
flash_mla,32,16415,128,2273
flash_infer,32,16415,128,2267
flash_mla_triton,32,16415,128,169
torch,32,32799,16,15
flash_mla,32,32799,16,3504
flash_infer,32,32799,16,3519
flash_mla_triton,32,32799,16,1373
torch,32,32799,32,8
flash_mla,32,32799,32,3474
flash_infer,32,32799,32,3492
flash_mla_triton,32,32799,32,713
torch,32,32799,64,4
flash_mla,32,32799,64,3421
flash_infer,32,32799,64,3420
flash_mla_triton,32,32799,64,363
torch,32,32799,128,2
flash_mla,32,32799,128,2303
flash_infer,32,32799,128,2281
flash_mla_triton,32,32799,128,183
torch,64,1087,16,3
flash_mla,64,1087,16,1744
flash_infer,64,1087,16,1754
flash_mla_triton,64,1087,16,483
torch,64,1087,32,3
flash_mla,64,1087,32,1684
flash_infer,64,1087,32,1687
flash_mla_triton,64,1087,32,273
torch,64,1087,64,3
flash_mla,64,1087,64,1590
flash_infer,64,1087,64,1518
flash_mla_triton,64,1087,64,150
torch,64,1087,128,2
flash_mla,64,1087,128,1468
flash_infer,64,1087,128,1888
flash_mla_triton,64,1087,128,84
torch,64,2111,16,6
flash_mla,64,2111,16,2286
flash_infer,64,2111,16,1939
flash_mla_triton,64,2111,16,587
torch,64,2111,32,6
flash_mla,64,2111,32,2231
flash_infer,64,2111,32,1901
flash_mla_triton,64,2111,32,320
torch,64,2111,64,4
flash_mla,64,2111,64,2129
flash_infer,64,2111,64,1810
flash_mla_triton,64,2111,64,170
torch,64,2111,128,2
flash_mla,64,2111,128,1835
flash_infer,64,2111,128,1431
flash_mla_triton,64,2111,128,91
torch,64,4159,16,11
flash_mla,64,4159,16,2778
flash_infer,64,4159,16,2591
flash_mla_triton,64,4159,16,836
torch,64,4159,32,7
flash_mla,64,4159,32,2730
flash_infer,64,4159,32,2552
flash_mla_triton,64,4159,32,451
torch,64,4159,64,4
flash_mla,64,4159,64,2636
flash_infer,64,4159,64,2381
flash_mla_triton,64,4159,64,235
torch,64,4159,128,2
flash_mla,64,4159,128,2211
flash_infer,64,4159,128,1809
flash_mla_triton,64,4159,128,122
torch,64,8255,16,14
flash_mla,64,8255,16,3235
flash_infer,64,8255,16,3095
flash_mla_triton,64,8255,16,1078
torch,64,8255,32,8
flash_mla,64,8255,32,3204
flash_infer,64,8255,32,3052
flash_mla_triton,64,8255,32,571
torch,64,8255,64,4
flash_mla,64,8255,64,3152
flash_infer,64,8255,64,2936
flash_mla_triton,64,8255,64,293
torch,64,8255,128,2
flash_mla,64,8255,128,2306
flash_infer,64,8255,128,2129
flash_mla_triton,64,8255,128,149
torch,64,16447,16,14
flash_mla,64,16447,16,3473
flash_infer,64,16447,16,3447
flash_mla_triton,64,16447,16,1274
torch,64,16447,32,8
flash_mla,64,16447,32,3417
flash_infer,64,16447,32,3423
flash_mla_triton,64,16447,32,663
torch,64,16447,64,4
flash_mla,64,16447,64,3313
flash_infer,64,16447,64,3340
flash_mla_triton,64,16447,64,338
torch,64,16447,128,2
flash_mla,64,16447,128,2322
flash_infer,64,16447,128,2207
flash_mla_triton,64,16447,128,170
torch,64,32831,16,15
flash_mla,64,32831,16,3658
flash_infer,64,32831,16,3462
flash_mla_triton,64,32831,16,1409
torch,64,32831,32,8
flash_mla,64,32831,32,3623
flash_infer,64,32831,32,3441
flash_mla_triton,64,32831,32,722
torch,64,32831,64,4
flash_mla,64,32831,64,3557
flash_infer,64,32831,64,3393
flash_mla_triton,64,32831,64,364
torch,64,32831,128,2
flash_mla,64,32831,128,2248
flash_infer,64,32831,128,2196
flash_mla_triton,64,32831,128,185
torch,128,1151,16,3
flash_mla,128,1151,16,2389
flash_infer,128,1151,16,2550
flash_mla_triton,128,1151,16,561
torch,128,1151,32,3
flash_mla,128,1151,32,2309
flash_infer,128,1151,32,2572
flash_mla_triton,128,1151,32,302
torch,128,1151,64,3
flash_mla,128,1151,64,2163
flash_infer,128,1151,64,2643
flash_mla_triton,128,1151,64,161
torch,128,1151,128,2
flash_mla,128,1151,128,1856
flash_infer,128,1151,128,2206
flash_mla_triton,128,1151,128,89
torch,128,2175,16,6
flash_mla,128,2175,16,2904
flash_infer,128,2175,16,2996
flash_mla_triton,128,2175,16,641
torch,128,2175,32,6
flash_mla,128,2175,32,2862
flash_infer,128,2175,32,3003
flash_mla_triton,128,2175,32,338
torch,128,2175,64,4
flash_mla,128,2175,64,2762
flash_infer,128,2175,64,3030
flash_mla_triton,128,2175,64,177
torch,128,2175,128,2
flash_mla,128,2175,128,2115
flash_infer,128,2175,128,2362
flash_mla_triton,128,2175,128,95
torch,128,4223,16,10
flash_mla,128,4223,16,3303
flash_infer,128,4223,16,2881
flash_mla_triton,128,4223,16,903
torch,128,4223,32,7
flash_mla,128,4223,32,3280
flash_infer,128,4223,32,2820
flash_mla_triton,128,4223,32,471
torch,128,4223,64,4
flash_mla,128,4223,64,3224
flash_infer,128,4223,64,2652
flash_mla_triton,128,4223,64,242
torch,128,4223,128,2
flash_mla,128,4223,128,2266
flash_infer,128,4223,128,2453
flash_mla_triton,128,4223,128,123
torch,128,8319,16,14
flash_mla,128,8319,16,3544
flash_infer,128,8319,16,3311
flash_mla_triton,128,8319,16,1141
torch,128,8319,32,8
flash_mla,128,8319,32,3544
flash_infer,128,8319,32,3248
flash_mla_triton,128,8319,32,587
torch,128,8319,64,4
flash_mla,128,8319,64,3524
flash_infer,128,8319,64,3138
flash_mla_triton,128,8319,64,299
torch,128,8319,128,2
flash_mla,128,8319,128,2271
flash_infer,128,8319,128,2431
flash_mla_triton,128,8319,128,151
torch,128,16511,16,14
flash_mla,128,16511,16,3614
flash_infer,128,16511,16,3468
flash_mla_triton,128,16511,16,1316
torch,128,16511,32,8
flash_mla,128,16511,32,3560
flash_infer,128,16511,32,3436
flash_mla_triton,128,16511,32,673
torch,128,16511,64,4
flash_mla,128,16511,64,3473
flash_infer,128,16511,64,3344
flash_mla_triton,128,16511,64,340
torch,128,16511,128,2
flash_mla,128,16511,128,1973
flash_infer,128,16511,128,2334
flash_mla_triton,128,16511,128,171
torch,128,32895,16,15
flash_mla,128,32895,16,3734
flash_infer,128,32895,16,3547
flash_mla_triton,128,32895,16,1429
torch,128,32895,32,8
flash_mla,128,32895,32,3702
flash_infer,128,32895,32,3526
flash_mla_triton,128,32895,32,731
torch,128,32895,64,4
flash_mla,128,32895,64,3523
flash_infer,128,32895,64,3470
flash_mla_triton,128,32895,64,370
torch,128,32895,128,2
flash_mla,128,32895,128,2138
flash_infer,128,32895,128,2334
flash_mla_triton,128,32895,128,186
